id,source_id,page,reason,ace_raw,ace_normalized,ind_raw,dedup_ref,decision,ace_fixed,ind_fixed,notes
HIK_ABU_SAMMAH_00014,HIK_ABU_SAMMAH,14,"REVIEW:1-1 alignment, similarity 0.00, OCR confidence 0.99","Sang-sang ulah uruek cato, dum meujudoteumon kana","Sang-sang ulah uruek cato, dum meujudoteumon kana","Seolah-olah lubang catur, semua berjodoh kawannya ada",,,,,
HIK_ABU_SAMMAH_00015,HIK_ABU_SAMMAH,14,"REVIEW:1-1 alignment, similarity 0.00, OCR confidence 0.99","Nam blaih bareh lon atoran, roh meujan-jan leubeh pina","Nam blaih bareh lon atoran, roh meujan-jan leubeh pina","Enam belas baris kuaturkan, kadang-kadang lebih pun ada",,,,,
HIK_ABU_SAMMAH_00016,HIK_ABU_SAMMAH,14,"REVIEW:1-1 alignment, similarity 0.11, OCR confidence 0.99","Kalon hat bareh lapan, nyan keuh sikhan sit meutanda","Kalon hat bareh lapan, nyan keuh sikhan sit meutanda","Kubatasi baris delapan, itulah setengah pun bertanda",,,,,
HIK_ABU_SAMMAH_00031,HIK_ABU_SAMMAH,15,"REVIEW:1-1 alignment, similarity 0.15, OCR confidence 1.00","Barang kasoe meungna meunan, meupehiasan ji meusuka","Barang kasoe meungna meunan, meupehiasan ji meusuka","Siapapun kalau demikian, bermainan bersuka-suka",,,,,
HIK_ABU_SAMMAH_00032,HIK_ABU_SAMMAH,15,"REVIEW:1-1 alignment, similarity 0.11, OCR confidence 0.99","Meung ngon riya jipeubi-ah, Tuha keubah azeueb teuka","Meung ngon riya jipeubi-ah, Tuha keubah azeueb teuka","Kalau dengan ria diperleceh, Tuhan beri azab tiba",,,,,
HIK_ABU_SAMMAH_00062,HIK_ABU_SAMMAH,15,"REVIEW:1-1 alignment, similarity 0.12, OCR confidence 0.98","Nyan seubab teuma neutikam, aneuk agam weuch neuhana","Nyan seubab teuma neutikam, aneuk agam weuch neuhana","Itulah sebabnya ia ditikam, anak agam belasnya tiada",,,,,
HIK_ABU_SAMMAH_00063,HIK_ABU_SAMMAH,15,"REVIEW:1-1 alignment, similarity 0.11, OCR confidence 0.98","Teuma neupoh nyang adoe nyan, biuet salahan roh meuzina","Teuma neupoh nyang adoe nyan, biuet salahan roh meuzina","Kemudian dibunuh adiknya, salah kerjanya ia berzina",,,,,
HIK_ABU_SAMMAH_00075,HIK_ABU_SAMMAH,16,NEAR_DUP_REVIEW,"llok peuraih ureueng lakoe, fi-e budhoe indah rupa","llok peuraih ureueng lakoe, fi-e budhoe indah rupa","Elok paras orang lelaki, fiil budi indah rupa",corpus_Iskandar_file_4.txt:1074,,,,
HIK_ABU_SAMMAH_00139,HIK_ABU_SAMMAH,17,"REVIEW:1-1 alignment, similarity 0.15, OCR confidence 1.00","Teungoh marit jatoh, seun-seun siploh meuleulumba","Teungoh marit jatoh, seun-seun siploh meuleulumba","Sambil bicara kian jatuh, sesepuluh berlelomba",,,,,
HIK_ABU_SAMMAH_00140,HIK_ABU_SAMMAH,17,"REVIEW:1-1 alignment, similarity 0.11, OCR confidence 0.99","Dengon jaroe nyan neusampoh, han teudoh lakee jak lanja","Dengon jaroe nyan neusampoh, han teudoh lakee jak lanja","Dengan tangan ia menyapu, tiada diam minta menghala",,,,,
HIK_ABU_SAMMAH_00141,HIK_ABU_SAMMAH,17,"REVIEW:1-1 alignment, similarity 0.10, OCR confidence 0.99","Teungoh muhon bak ayah droe, teungoh moe alet ie mata","Teungoh muhon bak ayah droe, teungoh moe alet ie mata","Sedang bermohon pada ayahnya, sambil menangis menyeka air mata",,,,,
HIK_ABU_SAMMAH_00143,HIK_ABU_SAMMAH,17,"REVIEW:1-1 alignment, similarity 0.12, OCR confidence 1.00","Bicah hate nanyum leukang, oh neupandang bak aneukda","Bicah hate nanyum leukang, oh neupandang bak aneukda","Pecah hati terasa lerang, ketika memandang pada ananda",,,,,
HIK_ABU_SAMMAH_00144,HIK_ABU_SAMMAH,17,"REVIEW:1-1 alignment, similarity 0.13, OCR confidence 0.98","Teuma meukheun rijang-rijang, bekle bimbang aneuk gata","Teuma meukheun rijang-rijang, bekle bimbang aneuk gata","Beliau cepat mengatakan, bimbang jangan lagi ananda",,,,,
HIK_ABU_SAMMAH_00145,HIK_ABU_SAMMAH,17,"REVIEW:1-1 alignment, similarity 0.12, OCR confidence 0.98","Jak tariwang aneuk laju, ubak ibu tajak pinta","Jak tariwang aneuk laju, ubak ibu tajak pinta","Pergi kembali wahai anakku, kepada ibu engkau meminta",,,,,
HIK_ABU_SAMMAH_00147,HIK_ABU_SAMMAH,17,"REVIEW:1-1 alignment, similarity 0.11, OCR confidence 0.99","Tajak peugah aneuk dilee, tabri thee keudeh bak bunda","Tajak peugah aneuk dilee, tabri thee keudeh bak bunda","Pergi bilanglah dahulu, beritahu sana pada bunda",corpus_Iskandar_file_4.txt:1088,,,,
HIK_ABU_SAMMAH_00148,HIK_ABU_SAMMAH,18,"REVIEW:1-1 alignment, similarity 0.00, OCR confidence 0.98","Tajak teuma ancuk oh mee, jak leh lakee izin bak ma","Tajak teuma ancuk oh mee, jak leh lakee izin bak ma","Datanglah kemudian bila sudi, mohonlah diri pada mama",,,,,
HIK_ABU_SAMMAH_00152,HIK_ABU_SAMMAH,18,"REVIEW:1-1 alignment, similarity 0.00, OCR confidence 0.99","Laju seumah le oh sampoe, ban neuwoe seumah teu-ot ma","Laju seumah le oh sampoe, ban neuwoe seumah teu-ot ma","Ia menyembah seraya sampai, kala kembali menyembah lutut mama",,,,,
HIK_ABU_SAMMAH_00153,HIK_ABU_SAMMAH,18,"REVIEW:1-1 alignment, similarity 0.11, OCR confidence 0.99","Sira neukheun he bunda droe, izin kamoe aneuk gata","Sira neukheun he bunda droe, izin kamoe aneuk gata","Sambil berkata wahai bundaku, izinkan aku anak anda",,,,,
HIK_ABU_SAMMAH_00156,HIK_ABU_SAMMAH,18,"REVIEW:1-1 alignment, similarity 0.12, OCR confidence 0.99","Ban neudeungo meunan bagoe, narit droe teukeujot raya","Ban neudeungo meunan bagoe, narit droe teukeujot raya","Seraya mendengar begitu bagai, ucapan sendiri terkejut ia",,,,,
HIK_ABU_SAMMAH_00157,HIK_ABU_SAMMAH,18,"REVIEW:1-1 alignment, similarity 0.00, OCR confidence 0.99","Sira geukheun po samlakoe, gohlom sampoe jak digata","Sira geukheun po samlakoe, gohlom sampoe jak digata","Sambil berkata wahai anak, belum sampai waktunya anda",,,,,
HIK_ABU_SAMMAH_00162,HIK_ABU_SAMMAH,18,"REVIEW:1-1 alignment, similarity 0.00, OCR confidence 0.99","Kon lon jak ngon ureueng la-en, na sijihnyan aneuk digata","Kon lon jak ngon ureueng la-en, na sijihnyan aneuk digata","Bukan kupergi bersama orang lain, adalah ia anak anda",,,,,
HIK_ABU_SAMMAH_00163,HIK_ABU_SAMMAH,18,"REVIEW:1-1 alignment, similarity 0.11, OCR confidence 0.99","Pakon bunda hate ngiren, beuta izin nyoe lon bungka","Pakon bunda hate ngiren, beuta izin nyoe lon bungka","Mengapa bunda hati prihatin, hendaklah izinkan aku menghala",,,,,
HIK_ABU_SAMMAH_00164,HIK_ABU_SAMMAH,18,NEAR_DUP_REVIEW,"Ka han izin pi ulon jak, sajan bapak hate suka","Ka han izin pi ulon jak, sajan bapak hate suka","Tanpa izinpun ku pergi, bersama bapak hati suka",corpus_Iskandar_file_4.txt:1094,,,,
HIK_ABU_SAMMAH_00184,HIK_ABU_SAMMAH,18,"REVIEW:1-1 alignment, similarity 0.11, OCR confidence 0.99","Meunyo meunan po samlakoe, boh jak jinoe ngon ayahanda","Meunyo meunan po samlakoe, boh jak jinoe ngon ayahanda","Kalau begitu wahai lelaki, pergilah kamu bersama ayahanda",,,,,
HIK_ABU_SAMMAH_00185,HIK_ABU_SAMMAH,18,"REVIEW:1-1 alignment, similarity 0.12, OCR confidence 0.99","Rijang aneuk tawoe keunoe, ma teusidroe pungo gila","Rijang aneuk tawoe keunoe, ma teusidroe pungo gila","Cepatlah nak kembali kemari, mamamu sendiri tergila-gila",,,,,
HIK_ABU_SAMMAH_00188,HIK_ABU_SAMMAH,18,"REVIEW:1-1 alignment, similarity 0.11, OCR confidence 0.99","Nyoe aneuk kecre jeu-oh, dalam musoh tajak gata","Nyoe aneuk kecre jeu-oh, dalam musoh tajak gata","Sekarang nak bercerai jauh, kepada musuh pergi anda",corpus_Iskandar_file_4.txt:1105,,,,
HIK_ABU_SAMMAH_00189,HIK_ABU_SAMMAH,18,"REVIEW:1-1 alignment, similarity 0.11, OCR confidence 0.99","Nyan keu seubab dilon gadoh, aneuk beh beurijang gisa","Nyan keu seubab dilon gadoh, aneuk beh beurijang gisa","Itulah sebab aku gundah, cepatlah kembali hai ananda",corpus_Iskandar_file_4.txt:1106,,,,
HIK_ABU_SAMMAH_00196,HIK_ABU_SAMMAH,19,"REVIEW:1-1 alignment, similarity 0.09, OCR confidence 0.99","izin hai lon si seun nyoe, lon cre droe seutoj ayahanda","izin hai lon si seun nyoe, lon cre droe seutoj ayahanda","Izinkan saya sekali ini, menceraikan ummi ikut ayahanda",,,,,
HIK_ABU_SAMMAH_00197,HIK_ABU_SAMMAH,19,"REVIEW:1-1 alignment, similarity 0.11, OCR confidence 0.99","Bek peucinta ma disinoe, rijang lon woe hana lama","Bek peucinta ma disinoe, rijang lon woe hana lama","Jangan duka mama di sini, cepat kembali tiada lama",,,,,
HIK_ABU_SAMMAH_00259,HIK_ABU_SAMMAH,20,"REVIEW:1-1 alignment, similarity 0.13, OCR confidence 0.99","Neupakai bajee ziriyah, meutindeh ngon la-en pula","Neupakai bajee ziriyah, meutindeh ngon la-en pula","Memakai baju ziriyah *), ditindih dengan yang lainnya",corpus_Iskandar_file_4.txt:1125,,,,
HIK_ABU_SAMMAH_00260,HIK_ABU_SAMMAH,20,"REVIEW:1-1 alignment, similarity 0.13, OCR confidence 1.00","Neugiduek ngon guda puteh, peureuseh dengan ie muka","Neugiduek ngon guda puteh, peureuseh dengan ie muka","Mengendarai kuda putih, bersih air mukanya",,,,,
HIK_ABU_SAMMAH_00395,HIK_ABU_SAMMAH,23,"REVIEW:1-1 alignment, similarity 0.12, OCR confidence 0.98","Dum puteh rijang geumeunict, peurcintaan that agam dara","Dum puteh rijang geumeunict, peurcintaan that agam dara","Agar cepat pulih diniat, percintaan sangat pria wanita",,,,,
HIK_ABU_SAMMAH_00396,HIK_ABU_SAMMAH,24,"REVIEW:1-1 alignment, similarity 0.10, OCR confidence 0.99","Soe troih keunan dong ngon dudok, meusok-meusok dum seuneuna","Soe troih keunan dong ngon dudok, meusok-meusok dum seuneuna","Siapapun ke sana berdiri duduk, tersedu-sedu semuanya",,,,,
HIK_ABU_SAMMAH_00406,HIK_ABU_SAMMAH,24,"REVIEW:1-1 alignment, similarity 0.11, OCR confidence 0.99","Nyan keuh bandum beusa keucel, gaseh hate galak mata","Nyan keuh bandum beusa keucel, gaseh hate galak mata","Itulah semua besar kecil, kasih hati suka mata",,,,,
HIK_ABU_SAMMAH_00407,HIK_ABU_SAMMAH,24,"REVIEW:1-1 alignment, similarity 0.00, OCR confidence 1.00","Adat jeued bek rijang mate, meunan sabe dum meudo'a","Adat jeued bek rijang mate, meunan sabe dum meudo'a","Andai dapat tak cepat mati, begitulah selalu orang berdoa",,,,,
HIK_ABU_SAMMAH_00448,HIK_ABU_SAMMAH,25,"REVIEW:1-1 alignment, similarity 0.11, OCR confidence 0.98","Sang-sang han geutupat keubah, bandum dahyah hatee suka","Sang-sang han geutupat keubah, bandum dahyah hatee suka","Seakan tak tertahankan, semua dahsyatan hati suka",,,,,
HIK_ABU_SAMMAH_00449,HIK_ABU_SAMMAH,25,"REVIEW:1-1 alignment, similarity 0.11, OCR confidence 0.99","Bandum teuma hate galak, dum marit bak baginda Uma","Bandum teuma hate galak, dum marit bak baginda Uma","Semuanya hati senang, semua bicara pada baginda Umar",,,,,
HIK_ABU_SAMMAH_00457,HIK_ABU_SAMMAH,25,NEAR_DUP_REVIEW,"Ancuk ulon abu Sammah, sang-sang ulah han kuasa","Ancuk ulon abu Sammah, sang-sang ulah han kuasa","Anak ulun Abu Sammah, seakan ulah tak kuasa",corpus_Iskandar_file_4.txt:1188,,,,
HIK_ABU_SAMMAH_00464,HIK_ABU_SAMMAH,25,"REVIEW:1-1 alignment, similarity 0.12, OCR confidence 0.99","Cuba kaman wahe tuan, tanyong sinan bak aneukda","Cuba kaman wahe tuan, tanyong sinan bak aneukda","Cobalah wahai tuan, tanya di sana pada ananda",,,,,
HIK_ABU_SAMMAH_00465,HIK_ABU_SAMMAH,25,"REVIEW:1-1 alignment, similarity 0.11, OCR confidence 0.98",Narila baca Quran atawa han jak pereksa,Narila baca Quran atawa han jak pereksa,"Relakan ia bacalah Qur'an, atau tiada pergilah periksa",,,,,
HIK_ABU_SAMMAH_00567,HIK_ABU_SAMMAH,28,"REVIEW:1-1 alignment, similarity 0.11, OCR confidence 0.99","Lon Seudeukah wabe saidi, gata lon turi aneuk Uma","Lon Seudeukah wabe saidi, gata lon turi aneuk Uma","Aku berscdckah wahai saidi, anda kukenali anak Umar",,,,,
HIK_ABU_SAMMAH_00568,HIK_ABU_SAMMAH,28,"REVIEW:1-1 alignment, similarity 0.12, OCR confidence 0.99","Hana ajab hareuga nyan, tengna tuan umu gata","Hana ajab hareuga nyan, tengna tuan umu gata","Tiada arti harga sekian, asalkan ada umur anda",,,,,
HIK_ABU_SAMMAH_00570,HIK_ABU_SAMMAH,28,"REVIEW:1-1 alignment, similarity 0.13, OCR confidence 0.98","Udeh tuan piyoh dilee, meungteuntee ubat kana","Udeh tuan piyoh dilee, meungteuntee ubat kana","Sana tuan singgah dahulu, sudah tentu obatnya ada",,,,,
HIK_ABU_SAMMAH_00571,HIK_ABU_SAMMAH,28,"REVIEW:1-1 alignment, similarity 0.12, OCR confidence 0.99","Na tapajoh ohtroih watee, he panghulee rijang teungku","Na tapajoh ohtroih watee, he panghulee rijang teungku","Supaya dimakan sesampai waktu, hai penghulu cepat tegar",,,,,
HIK_ABU_SAMMAH_00594,HIK_ABU_SAMMAH,28,"REVIEW:1-1 alignment, similarity 0.00, OCR confidence 0.99","Tan sapeue teuntee bak pike, dengo hate sit ka goga","Tan sapeue teuntee bak pike, dengo hate sit ka goga","Pikiran tak menentu, dan hatinyapun kacau",,,,,
HIK_ABU_SAMMAH_00595,HIK_ABU_SAMMAH,28,"REVIEW:1-1 alignment, similarity 0.10, OCR confidence 0.98","Sang-sang donya nyoe hanale, sangka mate nyum-nyum tuba","Sang-sang donya nyoe hanale, sangka mate nyum-nyum tuba","Seakan dunia ini tiada lagi, seakan mati serasa tuba",,,,,
HIK_ABU_SAMMAH_00605,HIK_ABU_SAMMAH,29,"REVIEW:1-1 alignment, similarity 0.12, OCR confidence 0.99","Oh neujak meungeue-geue, sang karabue ureueng muda","Oh neujak meungeue-geue, sang karabue ureueng muda","la berjalan merah-raba, seakan linglung orang muda",,,,,
HIK_ABU_SAMMAH_00606,HIK_ABU_SAMMAH,29,"REVIEW:1-1 alignment, similarity 0.10, OCR confidence 1.00","Teungoh neujak reubah reuboh, tunong baroh, dan meuhoka","Teungoh neujak reubah reuboh, tunong baroh, dan meuhoka","Sedang berjalannya lemah dan payah, selatan utara tak tahu ia",,,,,
HIK_ABU_SAMMAH_00611,HIK_ABU_SAMMAH,29,NEAR_DUP_REVIEW,"llemee le akai tajam, ngon leubeh pham le bicara","llemee le akai tajam, ngon leubeh pham le bicara","Ilmu banyak akal tajam, lebih paham banyak bicara",corpus_Iskandar_file_4.txt:1260,,,,
HIK_ABU_SAMMAH_00640,HIK_ABU_SAMMAH,29,"REVIEW:1-1 alignment, similarity 0.13, OCR confidence 1.00","Hana rila diulon han, meunan-meunan deungon gata","Hana rila diulon han, meunan-meunan deungon gata","Tiada rela ulun tidak, begituan dengan anda",,,,,
HIK_ABU_SAMMAH_00641,HIK_ABU_SAMMAH,29,"REVIEW:1-1 alignment, similarity 0.15, OCR confidence 0.99","Yahudi ngo narit meunan, jiteupeue neukemeungwa","Yahudi ngo narit meunan, jiteupeue neukemeungwa","Yahudi mendengar demikian, ia tahu hendak dirangkulnya",,,,,
HIK_ABU_SAMMAH_00642,HIK_ABU_SAMMAH,29,"REVIEW:1-1 alignment, similarity 0.11, OCR confidence 0.99","Yahudi kheun he aneuk droe, po sambinoe bek meudakwa","Yahudi kheun he aneuk droe, po sambinoe bek meudakwa","Yahudi katakan hai ananda, dara muda jangan berdakwa",,,,,
HIK_ABU_SAMMAH_00643,HIK_ABU_SAMMAH,29,"REVIEW:1-1 alignment, similarity 0.11, OCR confidence 0.99","Nyan kon ureueng hana meusoe, pucak nanggro aneuk Uma","Nyan kon ureueng hana meusoe, pucak nanggro aneuk Uma","Ia bukan tak terkenali, puncak negeri anak Umar",,,,,
HIK_ABU_SAMMAH_00665,HIK_ABU_SAMMAH,30,"REVIEW:1-1 alignment, similarity 0.00, OCR confidence 1.00","Tan neudeungo jikheun meunan, iblih kandra kajidaya","Tan neudeungo jikheun meunan, iblih kandra kajidaya","Tak mendengar dikatakan demikian, iblis kenderaan telah didaya",,,,,
HIK_ABU_SAMMAH_00666,HIK_ABU_SAMMAH,30,"REVIEW:1-1 alignment, similarity 0.00, OCR confidence 0.98","Inong neu-uem laju sinan, malamnyan neu-eh seureuta","Inong neu-uem laju sinan, malamnyan neu-eh seureuta","Wanita dipeluk lalu di sana, malam itu tidur sertanya",,,,,
HIK_ABU_SAMMAH_00675,HIK_ABU_SAMMAH,30,"REVIEW:1-1 alignment, similarity 0.11, OCR confidence 0.99","Tadeungo he ureueng binoe, gata soe keunoe duek sama","Tadeungo he ureueng binoe, gata soe keunoe duek sama","Dengarlah hai orang bini, anda ini siapa duduk bersama",,,,,
HIK_ABU_SAMMAH_00676,HIK_ABU_SAMMAH,30,"REVIEW:1-1 alignment, similarity 0.11, OCR confidence 0.99","Peue buet gata sajan kamoe, hareuem hansoe kon syeedara","Peue buet gata sajan kamoe, hareuem hansoe kon syeedara","Mengapa anda bersama kami, sangat haram jika bukan saudara",,,,,
HIK_ABU_SAMMAH_00697,HIK_ABU_SAMMAH,31,"REVIEW:1-1 alignment, similarity 0.00, OCR confidence 0.99","Cuba peugah nalon keunai, lon nyoe sesuai buet teulanja","Cuba peugah nalon keunai, lon nyoe sesuai buet teulanja","Coba katakan biar kukenal, aku sesal buatan terlanjurnya",,,,,
HIK_ABU_SAMMAH_00698,HIK_ABU_SAMMAH,31,"REVIEW:1-1 alignment, similarity 0.00, OCR confidence 0.99","Inong peugah asai meunoe, diphon baroe oh neuteuka","Inong peugah asai meunoe, diphon baroe oh neuteuka","Wanita katakan asal begini, sejak kemari saat tiba",,,,,
HIK_ABU_SAMMAH_00726,HIK_ABU_SAMMAH,32,"REVIEW:1-1 alignment, similarity 0.00, OCR confidence 0.99","Hana lon peugah hana lon bri thee, sabon malee tameudua","Hana lon peugah hana lon bri thee, sabon malee tameudua","Tiada kukatakan tak kuberi tahu, satu malu kita berdua",,,,,
HIK_ABU_SAMMAH_00727,HIK_ABU_SAMMAH,32,"REVIEW:1-1 alignment, similarity 0.00, OCR confidence 0.98","Lon som that-that hana meuthee, hana mee ulon keulua","Lon som that-that hana meuthee, hana mee ulon keulua","Kusembunyikan sangat tak ada yang tahu, takkan ulun keluarkannya",,,,,
HIK_ABU_SAMMAH_00735,HIK_ABU_SAMMAH,32,"REVIEW:1-1 alignment, similarity 0.13, OCR confidence 0.99","Piyoh tuan pakon gundah, hana teuhah buet digata","Piyoh tuan pakon gundah, hana teuhah buet digata","Diamlah mengapa gundah, tak terbuka buatan anda",corpus_Iskandar_file_4.txt:1301,,,,
HIK_ABU_SAMMAH_00736,HIK_ABU_SAMMAH,32,"REVIEW:1-1 alignment, similarity 0.00, OCR confidence 0.99","Barangkapan hana leumah, han lon peungah bek peucinta","Barangkapan hana leumah, han lon peungah bek peucinta","Di manapun tiada ketahuan, tak kukatakan jangan bercinta",,,,,
HIK_ABU_SAMMAH_00757,HIK_ABU_SAMMAH,32,"REVIEW:1-1 alignment, similarity 0.00, OCR confidence 0.99","Meungkon meunan azeueb deudoe, ceumeuti beusoe ngon poh gata","Meungkon meunan azeueb deudoe, ceumeuti beusoe ngon poh gata","Seratus kali didera kini, dengan tangan qadi raya",,,,,
HIK_ABU_SAMMAH_00758,HIK_ABU_SAMMAH,32,"REVIEW:1-1 alignment, similarity 0.00, OCR confidence 1.00","Jeuneh apui tutong hansoe, geudra deudoe lam neuraka","Jeuneh apui tutong hansoe, geudra deudoe lam neuraka","Kalau tiada azab nanti, cemeti besi dipukul anda",,,,,
HIK_ABU_SAMMAH_00759,HIK_ABU_SAMMAH,32,"REVIEW:1-1 alignment, similarity 0.12, OCR confidence 0.99","Tujoh apui tutong hansoe, geudra deudoe lam neuraka","Tujoh apui tutong hansoe, geudra deudoe lam neuraka","Jenis api panas sekali, didera nanti dalam neraka",,,,,
HIK_ABU_SAMMAH_00782,HIK_ABU_SAMMAH,33,"REVIEW:1-1 alignment, similarity 0.10, OCR confidence 0.99","Nyang keu baro nyangka lahe, meuthee le bak ureueng lingka","Nyang keu baro nyangka lahe, meuthee le bak ureueng lingka","Itulah yang baru lahir, ketahuan pada orang lingkarnya",,,,,
HIK_ABU_SAMMAH_00783,HIK_ABU_SAMMAH,33,"REVIEW:1-1 alignment, similarity 0.00, OCR confidence 0.99","Ka teupeke di inong nyan, lon kandungan aneuk kana","Ka teupeke di inong nyan, lon kandungan aneuk kana","Terpikirlah wanita itu, mengandung aku anak telah ada",,,,,
HIK_ABU_SAMMAH_00784,HIK_ABU_SAMMAH,33,"REVIEW:1-1 alignment, similarity 0.13, OCR confidence 0.99","Han kuboih bahle meunan, nyoe bah kaman kupeulihara","Han kuboih bahle meunan, nyoe bah kaman kupeulihara","Tak kubuang biar demikian, ini biarlah kupelihara",,,,,
HIK_ABU_SAMMAH_00794,HIK_ABU_SAMMAH,33,"REVIEW:1-1 alignment, similarity 0.11, OCR confidence 0.99","Udeh tajak ubak ayah, jak peuleumah ubak Uma","Udeh tajak ubak ayah, jak peuleumah ubak Uma","Ke sana pergi pada ayah, pergi perlihatkan pada Umar",corpus_Iskandar_file_4.txt:1319,,,,
HIK_ABU_SAMMAH_00795,HIK_ABU_SAMMAH,33,"REVIEW:1-1 alignment, similarity 0.11, OCR confidence 0.99","Nyoe cuco gopnyan tapeugah, na jama-ah thee suneuna","Nyoe cuco gopnyan tapeugah, na jama-ah thee suneuna","Ini cucunya kita katakan, agar jamaah tahu semua",,,,,
HIK_ABU_SAMMAH_00798,HIK_ABU_SAMMAH,33,"REVIEW:1-1 alignment, similarity 0.11, OCR confidence 0.99","Bek jikheun-kheun keugeutanyoe, dum hareuem nyoe takeureuja","Bek jikheun-kheun keugeutanyoe, dum hareuem nyoe takeureuja","Jangan cuma mengatakan pada kita, semua haram kita bekerja",,,,,
HIK_ABU_SAMMAH_00799,HIK_ABU_SAMMAH,33,"REVIEW:1-1 alignment, similarity 0.00, OCR confidence 0.99","Pakri dijih meunan bagoe, bah sinaroe meuthee rata","Pakri dijih meunan bagoe, bah sinaroe meuthee rata","Bagaimana ia demikian, biar sekalian tahu semua",,,,,
HIK_ABU_SAMMAH_00802,HIK_ABU_SAMMAH,33,"REVIEW:1-1 alignment, similarity 0.12, OCR confidence 0.99","Ka meuhimpon dum meusaho, intat cuco tuanteu Uma","Ka meuhimpon dum meusaho, intat cuco tuanteu Uma","Sudah berhimpun semuanya, antar cucu tuan kita Umar",,,,,
HIK_ABU_SAMMAH_00803,HIK_ABU_SAMMAH,33,"REVIEW:1-1 alignment, similarity 0.12, OCR confidence 0.98","U Madinah kajibubo, dum meuranjo keunan teuka","U Madinah kajibubo, dum meuranjo keunan teuka","Ke Madinah ia membopong, semua berbanjar ke sana menghala",,,,,
HIK_ABU_SAMMAH_00804,HIK_ABU_SAMMAH,33,"REVIEW:1-1 alignment, similarity 0.00, OCR confidence 0.96","Teuma ayah dipeureunoe, oh sampoe keudeh teuka","Teuma ayah dipeureunoe, oh sampoe keudeh teuka","Kemudian ayahnya mengajarkan, setelah sampai ke sana menghala",corpus_Iskandar_file_4.txt:1324,,,,
HIK_ABU_SAMMAH_00805,HIK_ABU_SAMMAH,33,"REVIEW:1-1 alignment, similarity 0.13, OCR confidence 0.97","Ubak Uma kapcujaroc, kakhenun meunoe he baginda","Ubak Uma kapcujaroc, kakhenun meunoe he baginda","Kepada Umar kau serahkan, katakan begini wahai baginda",,,,,
HIK_ABU_SAMMAH_00806,HIK_ABU_SAMMAH,33,"REVIEW:1-1 alignment, similarity 0.10, OCR confidence 0.98","Nyoe cuco gata khalifah, pakri bah jinoe ho ulon ba","Nyoe cuco gata khalifah, pakri bah jinoe ho ulon ba","Ini cucu anda khalifah, bagaimanakah ke mana kubawa",,,,,
HIK_ABU_SAMMAH_00813,HIK_ABU_SAMMAH,34,"REVIEW:1-1 alignment, similarity 0.13, OCR confidence 0.99","Meunan pakat teungoh jijak, peureunoe bak aneuk dara","Meunan pakat teungoh jijak, peureunoe bak aneuk dara","Itulah mufakat saat berjalan, mengajarkan sianak dara",,,,,
HIK_ABU_SAMMAH_00814,HIK_ABU_SAMMAH,34,"REVIEW:1-1 alignment, similarity 0.12, OCR confidence 0.99","Pakat keunong bandung galak, troih ubak saidina Uma","Pakat keunong bandung galak, troih ubak saidina Uma","Mufakat pas semua suka, sampailah kepada saidina Umar",,,,,
HIK_ABU_SAMMAH_00838,HIK_ABU_SAMMAH,34,"REVIEW:1-1 alignment, similarity 0.11, OCR confidence 0.98","Han neupateh banlon peugah, lon peulemah ta-cu rupa","Han neupateh banlon peugah, lon peulemah ta-cu rupa","Tak percaya apa yang kukatakan, kutampakkan kau hihat rupa",,,,,
HIK_ABU_SAMMAH_00839,HIK_ABU_SAMMAH,34,"REVIEW:1-1 alignment, similarity 0.12, OCR confidence 0.99","Nyoe tuan jipeuteunyokle, cuba pike soe hi rupa","Nyoe tuan jipeuteunyokle, cuba pike soe hi rupa","Inilah tuan dipertunjukkan, coba pikir mirip siapa rupanya",,,,,
HIK_ABU_SAMMAH_00855,HIK_ABU_SAMMAH,35,"REVIEW:1-1 alignment, similarity 0.11, OCR confidence 0.99","Uma pandang oh ka teuntee, cuco neuthee dum sirupa","Uma pandang oh ka teuntee, cuco neuthee dum sirupa","Umar setelah memandang tentu, cucunya mirip semua",,,,,
HIK_ABU_SAMMAH_00856,HIK_ABU_SAMMAH,35,"REVIEW:1-1 alignment, similarity 0.13, OCR confidence 1.00","Nyan baro teundok ulee, meunyum malee that baginda","Nyan baro teundok ulee, meunyum malee that baginda","Barulah tunduk kepala, berasa malu sangat baginda",,,,,
HIK_ABU_SAMMAH_00857,HIK_ABU_SAMMAH,35,"REVIEW:1-1 alignment, similarity 0.00, OCR confidence 0.99","Teuseupok teukoko hireun, teujeuunun hanale khaba","Teuseupok teukoko hireun, teujeuunun hanale khaba","Tersimpuh terpukau heran, terjenun tak lagi khabarnya",,,,,
HIK_ABU_SAMMAH_00858,HIK_ABU_SAMMAH,35,"REVIEW:1-1 alignment, similarity 0.11, OCR confidence 0.99","Hana sapeu le jeued neukheun, nyangna hireueng kan dirinya","Hana sapeu le jeued neukheun, nyangna hireueng kan dirinya","Tak apapun lagi dapat dikatakan, cuma heran dirinya",,,,,
HIK_ABU_SAMMAH_00881,HIK_ABU_SAMMAH,35,"REVIEW:1-1 alignment, similarity 0.10, OCR confidence 0.98","Hanka takot keu aneuk lon, pakri katheun nyan karila","Hanka takot keu aneuk lon, pakri katheun nyan karila","Tak kau takut pada anakku, bagaimana kau mau dan rela",,,,,
HIK_ABU_SAMMAH_00882,HIK_ABU_SAMMAH,35,"REVIEW:1-1 alignment, similarity 0.00, OCR confidence 0.99","Kon bek katem dilee phon, meunan pakon dikahsuka","Kon bek katem dilee phon, meunan pakon dikahsuka","Mengapa tak kau tolak dahulu, mengapa demikian engkau suka",,,,,
HIK_ABU_SAMMAH_00898,HIK_ABU_SAMMAH,36,"REVIEW:1-1 alignment, similarity 0.11, OCR confidence 0.99","Padum-padum ulon tulak, han ek jarak nyan aneukda","Padum-padum ulon tulak, han ek jarak nyan aneukda","Betapa pun kami menolak, tak dapat jarak itu ananda",corpus_Iskandar_file_4.txt:1346,,,,
HIK_ABU_SAMMAH_00899,HIK_ABU_SAMMAH,36,"REVIEW:1-1 alignment, similarity 0.12, OCR confidence 0.99","Ateueh ulon laju geujak, hana layak lon meudakwa","Ateueh ulon laju geujak, hana layak lon meudakwa","Ke atasku lalu beranjak, tiada layak aku berdakwa",corpus_Iskandar_file_4.txt:1347,,,,
HIK_ABU_SAMMAH_00922,HIK_ABU_SAMMAH,36,"REVIEW:1-1 alignment, similarity 0.12, OCR confidence 0.99","Singoh puleh neuthee keudroe, kemeupaloe roh buet deesa","Singoh puleh neuthee keudroe, kemeupaloe roh buet deesa","Esok pulih tahu sendiri, celaka jadi buatan dosa",,,,,
HIK_ABU_SAMMAH_00923,HIK_ABU_SAMMAH,36,"REVIEW:1-1 alignment, similarity 0.00, OCR confidence 0.98","Neutanyong bak lon neusudi, keunoe pakri jeuet lon teuka","Neutanyong bak lon neusudi, keunoe pakri jeuet lon teuka","Bertanya ia padaku ini, bagaimana sini aku tiba",,,,,
HIK_ABU_SAMMAH_00946,HIK_ABU_SAMMAH,37,"REVIEW:1-1 alignment, similarity 0.00, OCR confidence 0.99","Kapeulibara beujroh aneuk, bek bube lale mata","Kapeulibara beujroh aneuk, bek bube lale mata","Peliharalah baik-baik anak, jangan asal-asalan saja",,,,,
HIK_ABU_SAMMAH_00947,HIK_ABU_SAMMAH,37,"REVIEW:1-1 alignment, similarity 0.11, OCR confidence 0.97","Kalon rila keu aneuk nyoe, ban aneuk droe kapeulihara","Kalon rila keu aneuk nyoe, ban aneuk droe kapeulihara","Aku relakan anak ini, bagai anak sendiri kau pelihara",,,,,
HIK_ABU_SAMMAH_00952,HIK_ABU_SAMMAH,37,"REVIEW:1-1 alignment, similarity 0.12, OCR confidence 0.99","Beudoih kawoe wahe eungkee, bek kamalee gob ceureuca","Beudoih kawoe wahe eungkee, bek kamalee gob ceureuca","Bangkit kembali wahai engkau, jangan malu orang mencerca",,,,,
HIK_ABU_SAMMAH_00953,HIK_ABU_SAMMAH,37,"REVIEW:1-1 alignment, similarity 0.12, OCR confidence 0.98","buct kalcupaih masa dilee, jino hanmee poh aneukda","buct kalcupaih masa dilee, jino hanmee poh aneukda","Perbuatan itu sudah lalu, kini mau bunuh anakda",,,,,
HIK_ABU_SAMMAH_00954,HIK_ABU_SAMMAH,37,"REVIEW:1-1 alignment, similarity 0.11, OCR confidence 0.99","Jinoe jak woe dikah kaman, aneuk nyan beujroh peulihara","Jinoe jak woe dikah kaman, aneuk nyan beujroh peulihara","Kini kembalilah engkau, anak itu baiklah pelihara",,,,,
HIK_ABU_SAMMAH_00965,HIK_ABU_SAMMAH,37,"REVIEW:1-1 alignment, similarity 0.11, OCR confidence 0.99","Nyanka hantom meunan bagoe, leumah lon nyoe lam teutawa","Nyanka hantom meunan bagoe, leumah lon nyoe lam teutawa","Yang sudah tak demikian bagai, melihat saya selalu tertawa",,,,,
HIK_ABU_SAMMAH_00966,HIK_ABU_SAMMAH,37,"REVIEW:1-1 alignment, similarity 0.00, OCR confidence 1.00","Lon eu beungeh bak uroe nyoe, neupoh kamoe kadang hai ma","Lon eu beungeh bak uroe nyoe, neupoh kamoe kadang hai ma","Kulihat marah pada hari ini, membunuh kami wahai mama",,,,,
HIK_ABU_SAMMAH_00970,HIK_ABU_SAMMAH,37,NEAR_DUP_REVIEW,"Ancuk salah pakri-pakri, bek, neupoh ji ya saidina","Ancuk salah pakri-pakri, bek, neupoh ji ya saidina","Anak salah bagaimanapun peri, jangan dibunuh ia wahai saidina",corpus_Iskandar_file_4.txt:1365,,,,
HIK_ABU_SAMMAH_00991,HIK_ABU_SAMMAH,38,"REVIEW:1-1 alignment, similarity 0.12, OCR confidence 0.99","Oh neukalon uleh ayah, hate bicah inseueh teuka","Oh neukalon uleh ayah, hate bicah inseueh teuka","Ketika dilihat oleh ayah, hati pecah insaf tiba",,,,,
HIK_ABU_SAMMAH_00992,HIK_ABU_SAMMAH,38,"REVIEW:1-1 alignment, similarity 0.00, OCR confidence 0.99","Aneuk pimoc ayah pimoc, teuma meunoe neukheun lanja","Aneuk pimoc ayah pimoc, teuma meunoe neukheun lanja","Anak menangis ayahpun menangis, lalu dikatakan segera",,,,,
HIK_ABU_SAMMAH_01004,HIK_ABU_SAMMAH,38,"REVIEW:1-1 alignment, similarity 0.13, OCR confidence 0.99","Masa aneuk nyan teulakee, teujak dilee nyan uluwa","Masa aneuk nyan teulakee, teujak dilee nyan uluwa","Masa engkau meminta, dahulu beranjak keluar",corpus_Iskandar_file_4.txt:1384,,,,
HIK_ABU_SAMMAH_01005,HIK_ABU_SAMMAH,38,"REVIEW:1-1 alignment, similarity 0.00, OCR confidence 0.98","Oh na troih peue na meuteumee, batee ulee kheun sibeuna","Oh na troih peue na meuteumee, batee ulee kheun sibeuna","Sampai di sana mendapat apa, batu kepala katakan sebenarnya",,,,,
HIK_ABU_SAMMAH_01021,HIK_ABU_SAMMAH,39,"REVIEW:1-1 alignment, similarity 0.11, OCR confidence 0.99","Bit na aneuk deudoe ninan, peugah kaman bijeh mata","Bit na aneuk deudoe ninan, peugah kaman bijeh mata","Benarkah nak kemudian di sana, ceriterakanlah biji mata",,,,,
HIK_ABU_SAMMAH_01022,HIK_ABU_SAMMAH,39,"REVIEW:1-1 alignment, similarity 0.10, OCR confidence 1.00","Tajak bak aneuk Yahudi, tadrop pakri jih teuma na","Tajak bak aneuk Yahudi, tadrop pakri jih teuma na","Kau datang pada anak Yahudi, kau tangkap ia apakah ada",,,,,
HIK_ABU_SAMMAH_01031,HIK_ABU_SAMMAH,39,"REVIEW:1-1 alignment, similarity 0.11, OCR confidence 1.00","Teuma karoh lon meumukah, ampon ayah kon lon sahaja","Teuma karoh lon meumukah, ampon ayah kon lon sahaja","Lalu jadi aku berzina, ampun bapa bukan sengaja",,,,,
HIK_ABU_SAMMAH_01032,HIK_ABU_SAMMAH,39,"REVIEW:1-1 alignment, similarity 0.10, OCR confidence 0.99","Teuma dudoe lon teu-ingat, lon seusai that nubak deesya","Teuma dudoe lon teu-ingat, lon seusai that nubak deesya","Kemudian aku teringat, aku sesal sangat daripada dosa",,,,,
HIK_ABU_SAMMAH_01044,HIK_ABU_SAMMAH,39,"REVIEW:1-1 alignment, similarity 0.13, OCR confidence 0.97","Han leupaih sidroe ureueng, ulon teumeung nyang meuzina","Han leupaih sidroe ureueng, ulon teumeung nyang meuzina","Tiada lepas seseorang, kudapatkan yang berzina",,,,,
HIK_ABU_SAMMAH_01045,HIK_ABU_SAMMAH,39,"REVIEW:1-1 alignment, similarity 0.11, OCR confidence 0.99","Nibak azeub hana geusareueng, jih dalam krueng seksa geuhanta","Nibak azeub hana geusareueng, jih dalam krueng seksa geuhanta","Daripada azab tiada digantung, ia di sungai siksa dihantar",,,,,
HIK_ABU_SAMMAH_01073,HIK_ABU_SAMMAH,40,NEAR_DUP_REVIEW,"le mata ladom meuteutaloe, ladom bagoe basah dada","le mata ladom meuteutaloe, ladom bagoe basah dada","Sebagian air mata bertatali, lain lagi basah dada",corpus_Iskandar_file_4.txt:1403,,,,
HIK_ABU_SAMMAH_01133,HIK_ABU_SAMMAH,41,"REVIEW:1-1 alignment, similarity 0.10, OCR confidence 1.00","Disinan hana meuphom, dibak kaom dum diraja","Disinan hana meuphom, dibak kaom dum diraja","Di sana tiada mafhum dari, dari pada kaum sekalian diraja",,,,,
HIK_ABU_SAMMAH_01134,HIK_ABU_SAMMAH,41,"REVIEW:1-1 alignment, similarity 0.12, OCR confidence 0.99","Oh meunan leumah lam hate, teupike Saidina Uma","Oh meunan leumah lam hate, teupike Saidina Uma","Saat demikian muncul dihati, terpikir oleh saidina Umar",,,,,
HIK_ABU_SAMMAH_01135,HIK_ABU_SAMMAH,41,"REVIEW:1-1 alignment, similarity 0.09, OCR confidence 0.97","Jeued limpah ie mata ie le, han ek le teuma neusaba","Jeued limpah ie mata ie le, han ek le teuma neusaba","Jadi berlimpah air matanya, tak sanggup ia bersabar",,,,,
HIK_ABU_SAMMAH_01136,HIK_ABU_SAMMAH,41,"REVIEW:1-1 alignment, similarity 0.00, OCR confidence 0.98","Beudoih oh deudoe, neuba jinoc hoy aneukda","Beudoih oh deudoe, neuba jinoc hoy aneukda","Bangkitlah ia kemudian, menganjak dan memanggil ananda",,,,,
HIK_ABU_SAMMAH_01137,HIK_ABU_SAMMAH,41,"REVIEW:1-1 alignment, similarity 0.11, OCR confidence 1.00","Beudoih aneuk tajak keunoe, lon peusampoe hukom gata","Beudoih aneuk tajak keunoe, lon peusampoe hukom gata","Bangunlah anak pergi ke sini, aku sampaikan hukum ananda",,,,,
HIK_ABU_SAMMAH_01150,HIK_ABU_SAMMAH,42,NEAR_DUP_REVIEW,"Ku gaseh barang jan sabe, baten lahe ngon kujaga","Ku gaseh barang jan sabe, baten lahe ngon kujaga","Ku kasih kapan saja, lahir batinnya ku jaga",corpus_Iskandar_file_4.txt:1428,,,,
HIK_ABU_SAMMAH_01161,HIK_ABU_SAMMAH,42,"REVIEW:1-1 alignment, similarity 0.10, OCR confidence 0.99","Han keuh leupaih ka geusinthue, nibak takue ka bunda wa","Han keuh leupaih ka geusinthue, nibak takue ka bunda wa","Takkan lepas ia bergantung, pada lehernya dipeluk bunda",,,,,
HIK_ABU_SAMMAH_01162,HIK_ABU_SAMMAH,42,"REVIEW:1-1 alignment, similarity 0.00, OCR confidence 1.00","Aneuk ngon ma ka meuhue-hue, sinan sang suy moe ba-e ka","Aneuk ngon ma ka meuhue-hue, sinan sang suy moe ba-e ka","Anak dan bunda berseret-seret, bertangisan keduanya",,,,,
HIK_ABU_SAMMAH_01187,HIK_ABU_SAMMAH,43,"REVIEW:1-1 alignment, similarity 0.09, OCR confidence 0.99","Adat meungna dua lhee boh, han keusoh mantong la-en na","Adat meungna dua lhee boh, han keusoh mantong la-en na","Andai ada dua tiga orang, takkan kosong lainnya ada",,,,,
HIK_ABU_SAMMAH_01188,HIK_ABU_SAMMAH,43,"REVIEW:1-1 alignment, similarity 0.11, OCR confidence 0.99","Nyan dum gundah dilon pike, keuboh hate sidroe saja","Nyan dum gundah dilon pike, keuboh hate sidroe saja","Demikianlah bunda aku berfikir, akan buah hati sendiri saja",,,,,
HIK_ABU_SAMMAH_01189,HIK_ABU_SAMMAH,43,"REVIEW:1-1 alignment, similarity 0.11, OCR confidence 0.99","Teuma peue keuh lon peulahe, Sifeuet ade hukom beuna","Teuma peue keuh lon peulahe, Sifeuet ade hukom beuna","Buat apakah aku melahirkan, sifat adil hukumnya ada",,,,,
HIK_ABU_SAMMAH_01197,HIK_ABU_SAMMAH,43,"REVIEW:1-1 alignment, similarity 0.12, OCR confidence 0.98","Meunan neukheun Uma yohnyan, meungsidroe tan le suara","Meunan neukheun Uma yohnyan, meungsidroe tan le suara","Demikian ucap Umar Kalakian, seorangpun tak lagi bersuara",,,,,
HIK_ABU_SAMMAH_01198,HIK_ABU_SAMMAH,43,"REVIEW:1-1 alignment, similarity 0.11, OCR confidence 0.98","Oh teulheueh neukheuenh narit meunan, Qureu'an teuma neubaca","Oh teulheueh neukheuenh narit meunan, Qureu'an teuma neubaca","Setelah berkata demikian, Qur'an lalu dibaca",,,,,
HIK_ABU_SAMMAH_01207,HIK_ABU_SAMMAH,43,"REVIEW:1-1 alignment, similarity 0.12, OCR confidence 0.99","Lon pabanbah kamenan hai, gadoh akai lon bicara","Lon pabanbah kamenan hai, gadoh akai lon bicara","Bagaimana lagi demikian hal, hilang akal aku bicara",,,,,
HIK_ABU_SAMMAH_01208,HIK_ABU_SAMMAH,43,"REVIEW:1-1 alignment, similarity 0.00, OCR confidence 0.98","Hana sapat lon meutinggai, ayep kanjai ateueh donya","Hana sapat lon meutinggai, ayep kanjai ateueh donya","Tiada tempat aku tertinggal, sungguh aib keji di atas dunia",,,,,
HIK_ABU_SAMMAH_01213,HIK_ABU_SAMMAH,43,"REVIEW:1-1 alignment, similarity 0.10, OCR confidence 0.99","Meuhan pakon aneuk lon poh, nyan bagoe jroh hana tara","Meuhan pakon aneuk lon poh, nyan bagoe jroh hana tara","Kalau tidak mengapa kubunuh, demikian bagainya baik tiada tara",,,,,
HIK_ABU_SAMMAH_01214,HIK_ABU_SAMMAH,43,"REVIEW:1-1 alignment, similarity 0.11, OCR confidence 0.99","Oh roh aneuk pinyan saboh, han gadoih akai bicara","Oh roh aneuk pinyan saboh, han gadoih akai bicara","Ketika anak hanya satu, apakah tak hilang akal bicara",,,,,
HIK_ABU_SAMMAH_01240,HIK_ABU_SAMMAH,44,"REVIEW:1-1 alignment, similarity 0.00, OCR confidence 0.98","Adat pri hai ulon mate, sinoe bahle di leumueng ma","Adat pri hai ulon mate, sinoe bahle di leumueng ma","Kalau prihal ulun mati, biarkan sini pelukan mama",corpus_Iskandar_file_4.txt:1455,,,,
HIK_ABU_SAMMAH_01241,HIK_ABU_SAMMAH,44,"REVIEW:1-1 alignment, similarity 0.00, OCR confidence 0.98","Meunan leumah bak lon pike, bek lahe keudeh uluwa","Meunan leumah bak lon pike, bek lahe keudeh uluwa","Demikianlah aku berfikir, jangan lahir ke luar sana",corpus_Iskandar_file_4.txt:1456,,,,
HIK_ABU_SAMMAH_01243,HIK_ABU_SAMMAH,44,"REVIEW:1-1 alignment, similarity 0.00, OCR confidence 0.98","Hana reumbang hate galak, lon malee bak dum syeedara","Hana reumbang hate galak, lon malee bak dum syeedara","Tiada bimbang hati suka, aku malu pada semua saudara",,,,,
HIK_ABU_SAMMAH_01244,HIK_ABU_SAMMAH,44,"REVIEW:1-1 alignment, similarity 0.10, OCR confidence 0.98","Adat neudra lon tuanku, bek ji-eu le ureueng na","Adat neudra lon tuanku, bek ji-eu le ureueng na","Andai didera ulun tuanku, jangan dilihat oleh orang semua",,,,,
HIK_ABU_SAMMAH_01263,HIK_ABU_SAMMAH,44,"REVIEW:1-1 alignment, similarity 0.10, OCR confidence 0.99","Iblih syeetan hai aneuk jroh, na tatu-oh jigeubeue gata","Iblih syeetan hai aneuk jroh, na tatu-oh jigeubeue gata","Iblis syaitan wahai anak, indah engkau tahukah ia mengerbala anda",corpus_Iskandar_file_4.txt:1469,,,,
HIK_ABU_SAMMAH_01264,HIK_ABU_SAMMAH,45,"REVIEW:1-1 alignment, similarity 0.00, OCR confidence 0.99","Peue-peue galak nyan tasatoh, ngon nyan jipoh roh jidaya","Peue-peue galak nyan tasatoh, ngon nyan jipoh roh jidaya","Apa yang suka dipelihara, dibunuh dengannya diperdaya",,,,,
HIK_ABU_SAMMAH_01297,HIK_ABU_SAMMAH,45,"REVIEW:1-1 alignment, similarity 0.00, OCR confidence 0.98","Wahe aneuk batee ulee, tanguy ija tasok bajee","Wahe aneuk batee ulee, tanguy ija tasok bajee",Wahai anak batu kepalang. pakailah kain kenakan baju,,,,,
HIK_ABU_SAMMAH_01298,HIK_ABU_SAMMAH,45,"REVIEW:1-1 alignment, similarity 0.13, OCR confidence 0.99","Kupiyah seureuban eungkee, boh dilee na meung geuba","Kupiyah seureuban eungkee, boh dilee na meung geuba","Kopiah serban engkau, pakailah kau hendak dibawa",,,,,
HIK_ABU_SAMMAH_01321,HIK_ABU_SAMMAH,46,"REVIEW:1-1 alignment, similarity 0.10, OCR confidence 0.99","Teuma keulon nyoe laju, ngon lon eu inseueh lam dada","Teuma keulon nyoe laju, ngon lon eu inseueh lam dada","Mengapa padaku segera, kulihat insaf di dada",,,,,
HIK_ABU_SAMMAH_01322,HIK_ABU_SAMMAH,46,"REVIEW:1-1 alignment, similarity 0.11, OCR confidence 0.99","Sabda Uma kapoh keudeh, ulon suroh beukapateh","Sabda Uma kapoh keudeh, ulon suroh beukapateh","Sabda Umar pulullah sana, aku menyuruh hendaklah kau patuh",,,,,
HIK_ABU_SAMMAH_01323,HIK_ABU_SAMMAH,46,"REVIEW:1-1 alignment, similarity 0.11, OCR confidence 0.98","Lon keubaday kah kugasch, page keudeh kah bahagia","Lon keubaday kah kugasch, page keudeh kah bahagia","Aku jadi badai engkau kukasih, kelak sana engkau bahagia",,,,,
HIK_ABU_SAMMAH_01359,HIK_ABU_SAMMAH,47,"REVIEW:1-1 alignment, similarity 0.00, OCR confidence 0.98","Teutiek saket keudroe mantong, tan disahaja jih kateudong","Teutiek saket keudroe mantong, tan disahaja jih kateudong","Terlempar tongkat sendirinya, tak sengaja ia pun berhenti",,,,,
HIK_ABU_SAMMAH_01360,HIK_ABU_SAMMAH,47,"REVIEW:1-1 alignment, similarity 0.00, OCR confidence 0.98","Inseuh hate sajan jeumeueng, meudeungong jimoe dijihka","Inseuh hate sajan jeumeueng, meudeungong jimoe dijihka","Insaf hati sementara, berdengung kini tangisnya",,,,,
HIK_ABU_SAMMAH_01395,HIK_ABU_SAMMAH,48,"REVIEW:1-1 alignment, similarity 0.10, OCR confidence 0.98","Ceumeuti laju u ateueh, roj ueh geupoh lanja","Ceumeuti laju u ateueh, roj ueh geupoh lanja","Cemeti terus ke atasnya, pada yang rata di pukul segera",,,,,
HIK_ABU_SAMMAH_01396,HIK_ABU_SAMMAH,48,"REVIEW:1-1 alignment, similarity 0.11, OCR confidence 0.99","Nyum teubiet nafaih seuneulheueh, karena kreueh laju geudra","Nyum teubiet nafaih seuneulheueh, karena kreueh laju geudra","Serasa ke luar nafas penghabisan, karena keras ia didera",,,,,
HIK_ABU_SAMMAH_01397,HIK_ABU_SAMMAH,48,"REVIEW:1-1 alignment, similarity 0.13, OCR confidence 0.98","Saidina Uma oh neupandang, ngon ie mata meugeulumbang","Saidina Uma oh neupandang, ngon ie mata meugeulumbang","Saidina Umar kala memandang, air matanya bergelombang",,,,,
HIK_ABU_SAMMAH_01456,HIK_ABU_SAMMAH,49,"REVIEW:1-1 alignment, similarity 0.11, OCR confidence 1.00","Meunan geukheun dum sinaroe, ngon ie mata bandum geumoe","Meunan geukheun dum sinaroe, ngon ie mata bandum geumoe","Demikian mengatakan semuanya, bersama air mata menangis",,,,,
HIK_ABU_SAMMAH_01457,HIK_ABU_SAMMAH,49,"REVIEW:1-1 alignment, similarity 0.12, OCR confidence 0.99","Ubak Uma meuhoe jinoe, teuma deudoe sabda Uma","Ubak Uma meuhoe jinoe, teuma deudoe sabda Uma","Kepada Umar memohon kini, kemudian lagi sabda Umar",,,,,
HIK_ABU_SAMMAH_01462,HIK_ABU_SAMMAH,49,"REVIEW:1-1 alignment, similarity 0.00, OCR confidence 0.99","Oh roh ancuk dilon saboh, pungo akai dilon gadoh","Oh roh ancuk dilon saboh, pungo akai dilon gadoh","Anakku pun hanya satu, gila akalku pun hilang",,,,,
HIK_ABU_SAMMAH_01463,HIK_ABU_SAMMAH,49,"REVIEW:1-1 alignment, similarity 0.11, OCR confidence 0.98","Pakri syang nibak lon poh, bayek jroh ngon suara","Pakri syang nibak lon poh, bayek jroh ngon suara","Betapakah sayang aku membunuh, baik indah pun suaranya",corpus_Iskandar_file_4.txt:1518,,,,
HIK_ABU_SAMMAH_01464,HIK_ABU_SAMMAH,49,"REVIEW:1-1 alignment, similarity 0.00, OCR confidence 0.99","Oh geudengo meunan neukheun, ureueng deungo dum ka hireuen","Oh geudengo meunan neukheun, ureueng deungo dum ka hireuen","Kala mendengar demikian dikatakan, yang mendengar pun jadi heran",,,,,
HIK_ABU_SAMMAH_01498,HIK_ABU_SAMMAH,50,"REVIEW:1-1 alignment, similarity 0.11, OCR confidence 0.98","Sang kungo su Rasulullah, ku peurintah ateueh gata","Sang kungo su Rasulullah, ku peurintah ateueh gata","Seakan kudengar suara Rasulullah, betul suara anda demikian ulah",,,,,
HIK_ABU_SAMMAH_01499,HIK_ABU_SAMMAH,50,"REVIEW:1-1 alignment, similarity 0.12, OCR confidence 0.98","Gata kudra nyoe kupaban, kutakot aneuk keu Tuhan","Gata kudra nyoe kupaban, kutakot aneuk keu Tuhan","Mengapakah tidak hatiku pecah, kuperintah ke atas anda",corpus_Iskandar_file_4.txt:1532,,,,
HIK_ABU_SAMMAH_01500,HIK_ABU_SAMMAH,50,"REVIEW:1-1 alignment, similarity 0.00, OCR confidence 0.99","Hai aneuk paban kupike, meudeh meunoe hana hase","Hai aneuk paban kupike, meudeh meunoe hana hase","Wahai nak betapakah ku pikir, begitu begini tiada hasil",corpus_Iskandar_file_4.txt:1534,,,,
HIK_ABU_SAMMAH_01511,HIK_ABU_SAMMAH,51,NEAR_DUP_REVIEW,"le ile laju meutamah, sayang gundah soe-eu rupa","le ile laju meutamah, sayang gundah soe-eu rupa","Air mengalir semakin bertambah, sayang gundah yang melihat rupa",corpus_Iskandar_file_4.txt:1541,,,,
HIK_ABU_SAMMAH_01527,HIK_ABU_SAMMAH,51,NEAR_DUP_REVIEW,"Di akhirat nikmat geubri, budia dari lam syereuga","Di akhirat nikmat geubri, budia dari lam syereuga","Di akhirat nikmat diberi, bidadari dalam syurga",corpus_Iskandar_file_4.txt:1547,,,,
HIK_ABU_SAMMAH_01564,HIK_ABU_SAMMAH,52,"REVIEW:1-1 alignment, similarity 0.10, OCR confidence 0.98","Han neusayang lon pakri beh, lon nyoe sudah ka binasa","Han neusayang lon pakri beh, lon nyoe sudah ka binasa","Sabda Umar wahai anak indah, engkau sebuah lain tiada",,,,,
HIK_ABU_SAMMAH_01565,HIK_ABU_SAMMAH,52,"REVIEW:1-1 alignment, similarity 0.00, OCR confidence 0.96","Sabda Uma-he aneuk jroh, gata saboh la-en hana","Sabda Uma-he aneuk jroh, gata saboh la-en hana","Manakah andai jikalau susah, adalah esok terlihat pula",,,,,
HIK_ABU_SAMMAH_01566,HIK_ABU_SAMMAH,52,"REVIEW:1-1 alignment, similarity 0.00, OCR confidence 0.99","Toh adat jikalee damoh, napeue singoh ngieng mgon lusa","Toh adat jikalee damoh, napeue singoh ngieng mgon lusa","Kini wahai nak kuapakankah, hukum Allah ke atas anda",,,,,
HIK_ABU_SAMMAH_01567,HIK_ABU_SAMMAH,52,"REVIEW:1-1 alignment, similarity 0.00, OCR confidence 0.97","Nyoe hai aneuk kupaban bah, hukom Allah ateuch gata","Nyoe hai aneuk kupaban bah, hukom Allah ateuch gata","Hilang dayaku dan ulah, anak bertuah insafku raya",,,,,
HIK_ABU_SAMMAH_01568,HIK_ABU_SAMMAH,52,"REVIEW:1-1 alignment, similarity 0.10, OCR confidence 0.98","Gadoih daya lon ngon ilah, aneuk meutuah hajat lon neupeuna","Gadoih daya lon ngon ilah, aneuk meutuah hajat lon neupeuna","Abu Sammah lagi berkata cepat, tentu berhajat aku berada",,,,,
HIK_ABU_SAMMAH_01573,HIK_ABU_SAMMAH,52,"REVIEW:1-1 alignment, similarity 0.11, OCR confidence 0.98","Sabda Uma he samlakoe, dua kamoe jeu-oh hana","Sabda Uma he samlakoe, dua kamoe jeu-oh hana","Sabda Umar wahai lelaki, semua kami jauh tiada",corpus_Iskandar_file_4.txt:1564,,,,
HIK_ABU_SAMMAH_01574,HIK_ABU_SAMMAH,52,"REVIEW:1-1 alignment, similarity 0.12, OCR confidence 0.99","Meungieng gata hana sunyoe, bek teugoe bjeh mata","Meungieng gata hana sunyoe, bek teugoe bjeh mata","Melihat ananda tiada sunyi, jangan mengigau biji mats",corpus_Iskandar_file_4.txt:1565,,,,
HIK_ABU_SAMMAH_01577,HIK_ABU_SAMMAH,52,"REVIEW:1-1 alignment, similarity 0.00, OCR confidence 0.99","Wahe aneuk bek ingat le, peuteutap hate droe digata","Wahe aneuk bek ingat le, peuteutap hate droe digata","Wahai anak jangan ingatkan lagi, tetapkan hatimu ananda",corpus_Iskandar_file_4.txt:1567,,,,
HIK_ABU_SAMMAH_01578,HIK_ABU_SAMMAH,52,"REVIEW:1-1 alignment, similarity 0.12, OCR confidence 0.98","Adat aneuk gata mate, prihai tacre nanggroe donya","Adat aneuk gata mate, prihai tacre nanggroe donya","Andai anak engkau mati, perihal bercerai negeri dunia",corpus_Iskandar_file_4.txt:1568,,,,
HIK_ABU_SAMMAH_01619,HIK_ABU_SAMMAH,53,"REVIEW:1-1 alignment, similarity 0.10, OCR confidence 0.99","Tulong si-at hai tapeugah, ubak ayah yue piyoh dra","Tulong si-at hai tapeugah, ubak ayah yue piyoh dra","Tolonglah sebentar katakan, pada ayah suruh berhenti dera",,,,,
HIK_ABU_SAMMAH_01620,HIK_ABU_SAMMAH,53,"REVIEW:1-1 alignment, similarity 0.11, OCR confidence 0.98","Ube goh sep jinoe pakri, beuneubri aneuk lon pinta","Ube goh sep jinoe pakri, beuneubri aneuk lon pinta","Sejumlah belum cukup bagaimanakah peri, hendaklah kuperi anak kupinta",,,,,
HIK_ABU_SAMMAH_01625,HIK_ABU_SAMMAH,53,"REVIEW:1-1 alignment, similarity 0.00, OCR confidence 0.99","Teuma laju geujak peugah, geupeuseumah ubak Uma","Teuma laju geujak peugah, geupeuseumah ubak Uma","Lalu cepat pergi mengatakan, mempersembah kepada Umar",,,,,
HIK_ABU_SAMMAH_01626,HIK_ABU_SAMMAH,53,"REVIEW:1-1 alignment, similarity 0.12, OCR confidence 1.00","He baginda deungo dilee, ulon lakee aneuk gata","He baginda deungo dilee, ulon lakee aneuk gata","Wahai baginda dengarlah dahulu, ulun minta anak hamba",,,,,
HIK_ABU_SAMMAH_01628,HIK_ABU_SAMMAH,53,"REVIEW:1-1 alignment, similarity 0.00, OCR confidence 0.99","Sabda Uma jaweueb meunoe, aneuk lon soe inseueh raya","Sabda Uma jaweueb meunoe, aneuk lon soe inseueh raya","Dan puasa empat puluh hari, itu ganti jangan lagi didera",,,,,
HIK_ABU_SAMMAH_01629,HIK_ABU_SAMMAH,53,"REVIEW:1-1 alignment, similarity 0.13, OCR confidence 0.98","Patot leubeh gaseh tuan, seukalian iseueh raya","Patot leubeh gaseh tuan, seukalian iseueh raya","Sabda Umar jawab begini, anakku siapakah insaf raya",,,,,
HIK_ABU_SAMMAH_01631,HIK_ABU_SAMMAH,53,"REVIEW:1-1 alignment, similarity 0.00, OCR confidence 0.98","Han leubeh lon beusoj hate, nyum tanle nyawong droe na","Han leubeh lon beusoj hate, nyum tanle nyawong droe na","Bukankah lebihku tembus hati, scrasa tiada lagi aku bernyawa",,,,,
HIK_ABU_SAMMAH_01632,HIK_ABU_SAMMAH,53,"REVIEW:1-1 alignment, similarity 0.00, OCR confidence 0.99","Leh handapat ulon pike, lonpeuhase ban-ban jeumba","Leh handapat ulon pike, lonpeuhase ban-ban jeumba","Entah tak dapat kupikir, kusediakan setiap bagiannya",,,,,
HIK_ABU_SAMMAH_01638,HIK_ABU_SAMMAH,54,"REVIEW:1-1 alignment, similarity 0.11, OCR confidence 0.99","bahle jinoe kaman si-at, deudoe mangat lam syeureuga","bahle jinoe kaman si-at, deudoe mangat lam syeureuga","Biarkanlah kini sesaat, nanti nikmat dalam syurga",,,,,
HIK_ABU_SAMMAH_01639,HIK_ABU_SAMMAH,54,"REVIEW:1-1 alignment, similarity 0.00, OCR confidence 0.98","Meunan Uma peugah yohnyan, bandumka tanle meukhaba","Meunan Uma peugah yohnyan, bandumka tanle meukhaba","Demikian Umar bicara kalakian, semua tiada lagi bicara",,,,,
HIK_ABU_SAMMAH_01645,HIK_ABU_SAMMAH,54,"REVIEW:1-1 alignment, similarity 0.10, OCR confidence 0.99","Bube khilaf dilee-dilee, dum lon lakee meu-ah deesya","Bube khilaf dilee-dilee, dum lon lakee meu-ah deesya","Apapun khilaf yang dulu-dulu, semua ku pinta maaf dosa",corpus_Iskandar_file_4.txt:1587,,,,
HIK_ABU_SAMMAH_01646,HIK_ABU_SAMMAH,54,"REVIEW:1-1 alignment, similarity 0.09, OCR confidence 0.98","Lon nyoe tanle cu meuteumee, dum he sampee meu-ah rata","Lon nyoe tanle cu meuteumee, dum he sampee meu-ah rata","Aku ini lagi tak dapat bertemu, wahai semua kaum maaf rata",,,,,
HIK_ABU_SAMMAH_01664,HIK_ABU_SAMMAH,54,"REVIEW:1-1 alignment, similarity 0.11, OCR confidence 0.99","Sira kheun nyan ka neurungkhom, tajo neuchom bak keupala","Sira kheun nyan ka neurungkhom, tajo neuchom bak keupala","Sambil berkata ia memeluk, dan mencium pada kepala",,,,,
HIK_ABU_SAMMAH_01665,HIK_ABU_SAMMAH,54,"REVIEW:1-1 alignment, similarity 0.00, OCR confidence 0.99","Ateueh aneuk droe ka neugom, ie mata dum meuleulumba","Ateueh aneuk droe ka neugom, ie mata dum meuleulumba","Ke atas anaknya ia bertelungkup, air matanya berlelomba",,,,,
HIK_ABU_SAMMAH_01670,HIK_ABU_SAMMAH,54,"REVIEW:1-1 alignment, similarity 0.11, OCR confidence 1.00","Teuma peurab bandum laju, nyan geujak-eu dum peunyata","Teuma peurab bandum laju, nyan geujak-eu dum peunyata","Lalu mendekat sekalian maju, mereka melihat mempernyata",,,,,
HIK_ABU_SAMMAH_01671,HIK_ABU_SAMMAH,54,"REVIEW:1-1 alignment, similarity 0.10, OCR confidence 0.99","Tanle meumot hanale su, meunan sulu ka teuhanta","Tanle meumot hanale su, meunan sulu ka teuhanta","Tak lagi bergerak tak lagi suara, demikian lurus ia terhantar",,,,,
HIK_ABU_SAMMAH_01672,HIK_ABU_SAMMAH,54,"REVIEW:1-1 alignment, similarity 0.14, OCR confidence 0.99","Geupeunyata pantaih-pantaih, oh geupeudraih nibak muka","Geupeunyata pantaih-pantaih, oh geupeudraih nibak muka","Dipernyata pintas-pintas, saat diperjelas pada muka",,,,,
HIK_ABU_SAMMAH_01673,HIK_ABU_SAMMAH,54,"REVIEW:1-1 alignment, similarity 0.00, OCR confidence 0.99","Teuma geuthee mantong nafaih, na bube draih treut keulua","Teuma geuthee mantong nafaih, na bube draih treut keulua","Lalu diketahui masih bernafas, sebesar zarrah cuma keluarga",,,,,
HIK_ABU_SAMMAH_01674,HIK_ABU_SAMMAH,54,"REVIEW:1-1 alignment, similarity 0.00, OCR confidence 1.00","Geucok le bagaih geupeuwoe, bubo jinoe laju geuba","Geucok le bagaih geupeuwoe, bubo jinoe laju geuba","Diambillah cepat dibawa kembali, diusung kini segera dibawa",,,,,
HIK_ABU_SAMMAH_01678,HIK_ABU_SAMMAH,55,"REVIEW:1-1 alignment, similarity 0.12, OCR confidence 0.99","Ban geukalon aneuk layee, geugui ulee teumbok dada","Ban geukalon aneuk layee, geugui ulee teumbok dada","Kala melihat anaknya layu, menjambak hulu menumbuk dada",,,,,
HIK_ABU_SAMMAH_01679,HIK_ABU_SAMMAH,55,"REVIEW:1-1 alignment, similarity 0.00, OCR confidence 0.98","Sangka mate batee ulee, hana geuthee le sapeue na","Sangka mate batee ulee, hana geuthee le sapeue na","Seakan mati batu kepala, tahu tiada lagi apa-apa",,,,,
HIK_ABU_SAMMAH_01691,HIK_ABU_SAMMAH,55,"REVIEW:1-1 alignment, similarity 0.11, OCR confidence 0.99","Meunan namiet ba-e laju, dum a-au reuj-reuj keupala","Meunan namiet ba-e laju, dum a-au reuj-reuj keupala","Demikian budak menangis terus, semua a-eu menjambak kepala",,,,,
HIK_ABU_SAMMAH_01692,HIK_ABU_SAMMAH,55,"REVIEW:1-1 alignment, similarity 0.10, OCR confidence 0.99","Leubeh bagoe lom di ibu, oh geu-eu hanale aneukda","Leubeh bagoe lom di ibu, oh geu-eu hanale aneukda","Lebih bagai lagi di ibi, saat melihat tiada lagi ananda",,,,,
HIK_ABU_SAMMAH_01693,HIK_ABU_SAMMAH,55,"REVIEW:1-1 alignment, similarity 0.11, OCR confidence 0.99","Ka geuklik sinan geupho, geu-ba-e ngon teumbok dada","Ka geuklik sinan geupho, geu-ba-e ngon teumbok dada","Menangis di sana bermain pho, meraung dan menumbuk dada",,,,,
HIK_ABU_SAMMAH_01697,HIK_ABU_SAMMAH,55,"REVIEW:1-1 alignment, similarity 0.10, OCR confidence 0.99","Wahe aneuk puteh leucen, toh la-en hana le gata","Wahe aneuk puteh leucen, toh la-en hana le gata","Wahai anak putih licin, manakah lain tiada lagi ananda",,,,,
HIK_ABU_SAMMAH_01698,HIK_ABU_SAMMAH,55,"REVIEW:1-1 alignment, similarity 0.13, OCR confidence 0.98","Gohlom aneuk kupeukawen, leubeh kuchen saboh sahaja","Gohlom aneuk kupeukawen, leubeh kuchen saboh sahaja","Belumlah nak kukawinkan, lebih ku sayang seorang saja",,,,,
HIK_ABU_SAMMAH_01699,HIK_ABU_SAMMAH,55,"REVIEW:1-1 alignment, similarity 0.12, OCR confidence 0.98","Wahe aneuk batee ulee, bungong ieumbee seujuek mata","Wahe aneuk batee ulee, bungong ieumbee seujuek mata","Wahai anak batu kepala, bunga mekar penyejuk mata",,,,,
HIK_ABU_SAMMAH_01700,HIK_ABU_SAMMAH,55,"REVIEW:1-1 alignment, similarity 0.00, OCR confidence 0.99","Jeued ancuk kugaro ulee, kalayee reuloih hate ma","Jeued ancuk kugaro ulee, kalayee reuloih hate ma","Jadilah nak kugaruh kepala, telah layu luluh hati mama",,,,,
HIK_ABU_SAMMAH_01711,HIK_ABU_SAMMAH,55,"REVIEW:1-1 alignment, similarity 0.11, OCR confidence 0.98","Jinoc aneuk ka hanale, ka mate apon mata ma","Jinoc aneuk ka hanale, ka mate apon mata ma","Kini anakku tiada lagi, sudah mati kosong mata mama",,,,,
HIK_ABU_SAMMAH_01712,HIK_ABU_SAMMAH,55,"REVIEW:1-1 alignment, similarity 0.00, OCR confidence 0.98","Hai aneuk hana meusampe, phon keuce ku hiro gata","Hai aneuk hana meusampe, phon keuce ku hiro gata","Wahai anak tak kusampaian, sejak kecil kuhirau ananda",,,,,
HIK_ABU_SAMMAH_01713,HIK_ABU_SAMMAH,55,"REVIEW:1-1 alignment, similarity 0.12, OCR confidence 0.98","Oh ban lahe samlakoe jroh, ku satoh kujak mita","Oh ban lahe samlakoe jroh, ku satoh kujak mita","Setelah lahir lelaki indah, kupeliharakah kememinta",,,,,
HIK_ABU_SAMMAH_01714,HIK_ABU_SAMMAH,55,"REVIEW:1-1 alignment, similarity 0.00, OCR confidence 0.98","Nyoe tanle aneuk ku saboh, kagadoh asoe leumueng ma","Nyoe tanle aneuk ku saboh, kagadoh asoe leumueng ma","Kini tiada lagi anakku seorang, telah hilang isi pangkuan mama",,,,,
HIK_ABU_SAMMAH_01717,HIK_ABU_SAMMAH,56,"REVIEW:1-1 alignment, similarity 0.08, OCR confidence 0.99","Aneuk adat buet soe la-en, hai bunda nyan han kupreh sinja","Aneuk adat buet soe la-en, hai bunda nyan han kupreh sinja","Anak andai buatan orang lain, tak kan kubiarkan pun sampai senja",,,,,
HIK_ABU_SAMMAH_01718,HIK_ABU_SAMMAH,56,"REVIEW:1-1 alignment, similarity 0.11, OCR confidence 0.99","Nyoc paban hai aneuk kuchen, hana meumken toh bicara","Nyoc paban hai aneuk kuchen, hana meumken toh bicara","Ini bagaimanakah anak kusayang, tiada mungkin manakah bicara",,,,,
HIK_ABU_SAMMAH_01723,HIK_ABU_SAMMAH,56,"REVIEW:1-1 alignment, similarity 0.10, OCR confidence 1.00","Tamong namiet nyan sinaroe, dum reuj-reuj droe teumbok dada","Tamong namiet nyan sinaroe, dum reuj-reuj droe teumbok dada","Masuk cahaya sekaliannya, menjabak diri tumbuk dada",,,,,
HIK_ABU_SAMMAH_01724,HIK_ABU_SAMMAH,56,"REVIEW:1-1 alignment, similarity 0.12, OCR confidence 0.99","Bandum ribot hana bagoe, asoe nanggroe ureueng lingka","Bandum ribot hana bagoe, asoe nanggroe ureueng lingka","Semua ribut tiada bagai, isi negeri orang lingkarnya",,,,,
HIK_ABU_SAMMAH_01730,HIK_ABU_SAMMAH,56,"REVIEW:1-1 alignment, similarity 0.09, OCR confidence 0.97","Troih lhee malam ngon uroe, nyang na theun droe oh teulbeuh geudra","Troih lhee malam ngon uroe, nyang na theun droe oh teulbeuh geudra","Sampai tiga malam dan hari, menahan diri setelah didera",,,,,
HIK_ABU_SAMMAH_01731,HIK_ABU_SAMMAH,56,"REVIEW:1-1 alignment, similarity 0.14, OCR confidence 0.99","Ka mate muda samlakoe, geupeumanoe tanom lanja","Ka mate muda samlakoe, geupeumanoe tanom lanja","Sudah mati muda lelaki, dimandikan ditanam segera",,,,,
HIK_ABU_SAMMAH_01773,HIK_ABU_SAMMAH,57,"REVIEW:1-1 alignment, similarity 0.11, OCR confidence 0.99","Bek tapoh dilee barang ri, bek tabri peuntong keumala","Bek tapoh dilee barang ri, bek tabri peuntong keumala","Jangan bunuh dulu semberang peri, jangan diberi buntung kepala",,,,,
HIK_ABU_SAMMAH_01774,HIK_ABU_SAMMAH,57,"REVIEW:1-1 alignment, similarity 0.11, OCR confidence 0.99","tayue ji Iseulam dilee, ngon ileumee jih ta-aja","tayue ji Iseulam dilee, ngon ileumee jih ta-aja","Suruhkan mereka Islam dahulu, dengan ilmu mereka diajar",,,,,
HIK_ABU_SAMMAH_01775,HIK_ABU_SAMMAH,57,"REVIEW:1-1 alignment, similarity 0.00, OCR confidence 1.00","Meuhan jitem teuma nyan mee, takoh ulee ta-inanya","Meuhan jitem teuma nyan mee, takoh ulee ta-inanya","Kalau tak mau kelak boleh, potong kepala dianiaya",,,,,
HIK_ABU_SAMMAH_01781,HIK_ABU_SAMMAH,57,"REVIEW:1-1 alignment, similarity 0.00, OCR confidence 0.99","Oh teukeujot bak meuleumpoe, bedoih uroe pi kafaja","Oh teukeujot bak meuleumpoe, bedoih uroe pi kafaja","Kala terkejut daripada mimpi, bangun hari pun telah fajar",,,,,
HIK_ABU_SAMMAH_01782,HIK_ABU_SAMMAH,57,"REVIEW:1-1 alignment, similarity 0.11, OCR confidence 0.99","Teuleh seumbahyang geujak jinoe, keudeh sampoe u bak Uma","Teuleh seumbahyang geujak jinoe, keudeh sampoe u bak Uma","Setelah sembahyang pergi kini, ke sana sampai pada Umar",,,,,
HIK_ABU_SAMMAH_01804,HIK_ABU_SAMMAH,58,"REVIEW:1-1 alignment, similarity 0.11, OCR confidence 0.99","Bek neuteugah keudua nyan, meung jeued meunan hana dakwa","Bek neuteugah keudua nyan, meung jeued meunan hana dakwa","Jangan dicegah keduanya, kalau boleh demikian tiada dakwa",,,,,
HIK_ABU_SAMMAH_01805,HIK_ABU_SAMMAH,58,"REVIEW:1-1 alignment, similarity 0.09, OCR confidence 0.99","Meung han jcucd nyan dua bagoe, han kamoe nyan kheun gata","Meung han jcucd nyan dua bagoe, han kamoe nyan kheun gata","Kalau tak boleh itu dua bagai, tak mau kami kata anda",,,,,
HIK_ABU_SAMMAH_01814,HIK_ABU_SAMMAH,58,NEAR_DUP_REVIEW,"Bah dilee meunan jipike, dalam hate si-uroe dua","Bah dilee meunan jipike, dalam hate si-uroe dua","Biar dahulu demikian difikir, dalam hati sehari dua",corpus_Iskandar_file_4.txt:1624,,,,
