file,title,url,script,license,access_date,status,verdict,notes
data/raw/acehx/*.txt,AcehX (student corpus 2024),provided by Andrie,latin,UNKNOWN - confirm with Andrie,2026-10-06,monolingual 164778 lines,reference for dedup; NOT parallel,No Indonesian side. 3.0% internal duplicates. Mixed old/modern spelling.
data/raw/external/nusax/{train;valid;test}.csv,NusaX-MT (ace<->ind),https://github.com/IndoNLP/nusax/tree/main/datasets/mt,latin,CC-BY-SA-4.0 (data) / Apache-2.0 (code),2026-10-06,1000 human-translated pairs,"use: train = fine-tuning + few-shot; valid = model selection; test = final score only",Share-alike: kept in data/final/nusax/ separately. 0 exact overlap with AcehX.
aceh_lyrics_corpus.csv/.json,Song lyrics (Cut Zuhra; Rugoe Wate Cut Rani),provided by Andrie,latin,COPYRIGHTED lyrics,2026-10-06,8 rows,EXCLUDE,"Garbled transcription (Acehnese mixed with Indonesian/Malay), no Indonesian side, copyrighted. Not in data/final/."
HIKAYAT ABU SAMMAH.pdf,"Hikayat Abu Sammah (Depdikbud; Tim Peneliti: M. Alamsyah B., M. Yusuf Hasdy, ...)",provided by Andrie (scan of a Depdikbud book),latin,"""Milik Depdikbud, tidak diperdagangkan"" (government book, free distribution; redistribution terms unclear)",2026-10-08,"126 pages, scanned + Acrobat OCR text layer (has OCR errors, e.g. ""Dcpdikbud""); 3 copies on the Mac (40 MB, 40 MB duplicate, 6.4 MB compressed)",PENDING: layout (Acehnese + Indonesian translation?) not inspected yet,Keep out of the public repo until the license is clear. Add pairs only after review.
Data Syair dan Lagu.rar,Syair and song data (418 MB archive),provided by Andrie,?,UNKNOWN,2026-10-08,contents not inspected (no .txt files inside); probably audio/video or documents,PENDING,"Run: lsar ""Data Syair dan Lagu.rar"" to list it."
aceh_translation_project.zip,Earlier copy of this pipeline,provided by Muttu,latin,n/a,2026-10-08,old scripts + the same 11 AcehX .txt files,not a data source,"No Indonesian side, nothing new."
FLORES-200 ace_Latn,FLORES-200 dev/devtest,https://github.com/facebookresearch/flores,latin,CC-BY-SA-4.0,,Muttu has flores200_dataset.tar; import with: python -m acehid flores <tar>,dev -> train (200 held out for validation); devtest -> TEST ONLY,~997 dev + 1012 devtest professionally translated sentences (Wikipedia-style). Belebele/SIB-200 reuse these sentences: never add them to training.
Acehnese Wikipedia,ace.wikipedia.org dump,https://dumps.wikimedia.org/acewiki/,latin,CC-BY-SA-4.0,,BLOCKED from this sandbox,"candidate: monolingual only, check dedup vs AcehX",Not downloaded (host denied). Content is partly machine-made; screen with langid first.
OPUS / HF datasets tagged ace,various,https://opus.nlpl.eu / https://huggingface.co/datasets?language=ace,latin,PER DATASET,,BLOCKED from this sandbox,unverified,Not downloaded (hosts denied). Verify each licence before use.
